,google_anxiety,google_suicide,google_fear,google_loneliness,google_allmentaldistress,google_mortgage,google_mortgageloan,google_unemployment,google_foodbank,google_welfare,google_ei,google_employmentinsurance,google_allfinancialstressors,google_education,google_abuse,google_alcohol,google_divorce,google_allsocialstressors,google_cbt,google_selfcare,google_counselling,google_crisishotline,google_helpline,google_mindfulness,google_alltreatmentseeking,google_sick,google_symptoms,google_cough,google_fever,google_flu,google_rsv,google_allcovidinformation
2018-01-07,82.0,33.0,38.0,48.0,281.0,41.0,56.0,15.0,20.0,59.0,10.0,11.0,247.0,65.0,85.0,49.0,53.0,274.0,46.0,32.0,99.0,0.0,36.0,72.0,285.0,83.0,24.0,43.0,31.0,32.0,4.0,217.0
2018-01-14,84.0,32.0,38.0,100.0,354.0,48.0,70.0,14.0,21.0,62.0,9.0,11.0,254.0,65.0,99.0,57.0,52.0,294.0,51.0,36.0,95.0,33.0,37.0,83.0,404.0,86.0,23.0,41.0,34.0,33.0,2.0,219.0
2018-01-21,87.0,26.0,35.0,70.0,312.0,40.0,43.0,15.0,18.0,80.0,8.0,8.0,226.0,60.0,100.0,53.0,58.0,292.0,66.0,13.0,84.0,0.0,43.0,69.0,343.0,83.0,23.0,45.0,40.0,33.0,2.0,226.0
2018-01-28,92.0,27.0,35.0,43.0,294.0,37.0,44.0,14.0,23.0,93.0,8.0,8.0,259.0,61.0,89.0,52.0,54.0,278.0,58.0,34.0,92.0,0.0,79.0,83.0,385.0,83.0,23.0,47.0,37.0,34.0,2.0,226.0
2018-02-04,80.0,23.0,35.0,47.0,273.0,34.0,76.0,14.0,11.0,69.0,8.0,8.0,242.0,62.0,82.0,52.0,54.0,271.0,55.0,45.0,97.0,29.0,54.0,84.0,364.0,76.0,23.0,48.0,38.0,35.0,4.0,224.0
2018-02-11,80.0,21.0,36.0,45.0,259.0,33.0,40.0,12.0,23.0,63.0,8.0,10.0,198.0,56.0,76.0,49.0,61.0,264.0,53.0,29.0,90.0,0.0,52.0,81.0,344.0,69.0,23.0,43.0,36.0,40.0,3.0,214.0
2018-02-18,75.0,22.0,33.0,58.0,263.0,34.0,61.0,10.0,21.0,57.0,8.0,7.0,228.0,54.0,66.0,56.0,58.0,255.0,59.0,41.0,100.0,0.0,58.0,93.0,398.0,67.0,22.0,42.0,35.0,28.0,1.0,195.0
2018-02-25,96.0,25.0,34.0,56.0,304.0,36.0,54.0,13.0,21.0,99.0,9.0,8.0,259.0,64.0,70.0,53.0,56.0,265.0,61.0,39.0,99.0,0.0,39.0,85.0,384.0,71.0,23.0,39.0,34.0,20.0,1.0,188.0
2018-03-04,87.0,33.0,37.0,30.0,270.0,40.0,38.0,14.0,33.0,59.0,9.0,10.0,239.0,55.0,77.0,53.0,57.0,263.0,62.0,28.0,100.0,0.0,54.0,86.0,387.0,66.0,22.0,36.0,32.0,18.0,1.0,175.0
2018-03-11,81.0,22.0,33.0,43.0,259.0,43.0,77.0,11.0,24.0,60.0,8.0,10.0,256.0,51.0,70.0,61.0,78.0,283.0,47.0,35.0,86.0,20.0,42.0,68.0,346.0,64.0,21.0,36.0,29.0,14.0,2.0,166.0
2018-03-18,93.0,26.0,39.0,37.0,291.0,41.0,53.0,12.0,0.0,68.0,8.0,10.0,233.0,61.0,78.0,59.0,75.0,295.0,59.0,21.0,96.0,0.0,37.0,74.0,306.0,62.0,22.0,32.0,29.0,12.0,1.0,158.0
2018-03-25,90.0,27.0,41.0,48.0,298.0,34.0,44.0,11.0,34.0,60.0,7.0,9.0,224.0,56.0,78.0,60.0,64.0,280.0,63.0,32.0,94.0,0.0,48.0,65.0,374.0,58.0,20.0,31.0,30.0,12.0,0.0,151.0
2018-04-01,82.0,24.0,43.0,75.0,313.0,41.0,57.0,13.0,10.0,76.0,8.0,9.0,247.0,55.0,72.0,55.0,62.0,264.0,45.0,18.0,85.0,24.0,52.0,84.0,330.0,59.0,20.0,30.0,26.0,11.0,1.0,147.0
2018-04-08,87.0,21.0,39.0,42.0,271.0,39.0,29.0,11.0,12.0,69.0,7.0,7.0,207.0,57.0,80.0,52.0,62.0,271.0,64.0,17.0,96.0,36.0,21.0,84.0,368.0,59.0,20.0,30.0,27.0,12.0,1.0,149.0
2018-04-15,84.0,21.0,53.0,58.0,297.0,38.0,33.0,10.0,0.0,60.0,7.0,6.0,178.0,55.0,67.0,55.0,66.0,263.0,57.0,31.0,86.0,0.0,56.0,65.0,331.0,56.0,20.0,27.0,26.0,9.0,1.0,139.0
2018-04-22,74.0,25.0,51.0,34.0,261.0,40.0,47.0,9.0,0.0,82.0,7.0,8.0,219.0,53.0,72.0,51.0,52.0,249.0,40.0,23.0,77.0,27.0,65.0,80.0,312.0,58.0,19.0,28.0,25.0,9.0,0.0,139.0
2018-04-29,80.0,25.0,54.0,71.0,305.0,45.0,60.0,10.0,31.0,56.0,6.0,8.0,236.0,56.0,70.0,50.0,56.0,253.0,41.0,46.0,92.0,0.0,46.0,86.0,324.0,55.0,20.0,28.0,27.0,8.0,0.0,138.0
2018-05-06,71.0,21.0,47.0,38.0,253.0,42.0,52.0,10.0,12.0,45.0,7.0,6.0,198.0,58.0,68.0,53.0,56.0,257.0,47.0,37.0,89.0,25.0,55.0,72.0,387.0,54.0,20.0,28.0,23.0,7.0,1.0,133.0
2018-05-13,78.0,21.0,41.0,40.0,263.0,42.0,34.0,9.0,21.0,53.0,7.0,7.0,191.0,51.0,55.0,50.0,54.0,231.0,32.0,18.0,73.0,0.0,41.0,48.0,272.0,55.0,19.0,25.0,24.0,6.0,1.0,130.0
2018-05-20,76.0,24.0,48.0,66.0,282.0,36.0,27.0,9.0,0.0,67.0,6.0,8.0,192.0,51.0,79.0,55.0,64.0,270.0,52.0,25.0,92.0,20.0,16.0,54.0,296.0,52.0,20.0,22.0,25.0,6.0,1.0,126.0
2018-05-27,74.0,23.0,45.0,26.0,249.0,37.0,55.0,12.0,0.0,71.0,6.0,7.0,216.0,59.0,65.0,52.0,57.0,254.0,54.0,20.0,99.0,0.0,44.0,61.0,312.0,56.0,19.0,23.0,21.0,5.0,1.0,125.0
2018-06-03,87.0,69.0,42.0,43.0,338.0,36.0,58.0,13.0,15.0,84.0,6.0,9.0,234.0,67.0,74.0,53.0,53.0,269.0,50.0,25.0,84.0,47.0,58.0,73.0,382.0,58.0,19.0,24.0,21.0,5.0,0.0,127.0
2018-06-10,79.0,34.0,49.0,9.0,266.0,35.0,47.0,12.0,9.0,65.0,6.0,7.0,199.0,58.0,70.0,59.0,62.0,272.0,44.0,35.0,74.0,0.0,41.0,45.0,323.0,54.0,19.0,23.0,23.0,6.0,1.0,126.0
2018-06-17,80.0,27.0,34.0,72.0,297.0,35.0,43.0,10.0,12.0,59.0,6.0,8.0,188.0,52.0,77.0,52.0,61.0,265.0,43.0,17.0,69.0,0.0,37.0,52.0,266.0,53.0,19.0,20.0,25.0,5.0,0.0,122.0
2018-06-24,71.0,23.0,30.0,60.0,253.0,33.0,49.0,10.0,0.0,66.0,7.0,8.0,198.0,48.0,58.0,53.0,47.0,229.0,58.0,34.0,70.0,26.0,44.0,47.0,279.0,51.0,19.0,24.0,24.0,5.0,0.0,123.0
2018-07-01,71.0,22.0,26.0,33.0,216.0,30.0,37.0,12.0,12.0,57.0,9.0,10.0,188.0,42.0,49.0,52.0,59.0,226.0,35.0,8.0,55.0,0.0,43.0,51.0,241.0,49.0,19.0,23.0,20.0,3.0,0.0,114.0
2018-07-08,83.0,20.0,35.0,30.0,240.0,44.0,53.0,10.0,0.0,55.0,9.0,12.0,214.0,54.0,60.0,57.0,63.0,257.0,45.0,33.0,79.0,0.0,33.0,56.0,314.0,55.0,19.0,25.0,21.0,5.0,0.0,125.0
2018-07-15,77.0,36.0,36.0,53.0,279.0,37.0,71.0,11.0,15.0,63.0,9.0,10.0,251.0,52.0,59.0,54.0,57.0,246.0,49.0,37.0,76.0,22.0,69.0,51.0,339.0,55.0,19.0,21.0,21.0,4.0,1.0,121.0
2018-07-22,79.0,33.0,40.0,41.0,265.0,37.0,80.0,10.0,21.0,65.0,8.0,9.0,258.0,46.0,55.0,52.0,61.0,236.0,47.0,35.0,74.0,26.0,36.0,75.0,325.0,55.0,19.0,20.0,22.0,4.0,0.0,120.0
2018-07-29,86.0,28.0,40.0,62.0,284.0,36.0,51.0,11.0,0.0,70.0,8.0,11.0,228.0,43.0,57.0,54.0,57.0,234.0,40.0,28.0,65.0,0.0,49.0,65.0,314.0,50.0,19.0,20.0,23.0,5.0,0.0,117.0
2018-08-05,82.0,25.0,38.0,55.0,269.0,35.0,54.0,11.0,0.0,67.0,8.0,9.0,209.0,41.0,53.0,62.0,57.0,235.0,45.0,25.0,72.0,0.0,44.0,54.0,275.0,55.0,20.0,21.0,25.0,5.0,0.0,126.0
2018-08-12,89.0,25.0,40.0,61.0,277.0,36.0,68.0,11.0,0.0,65.0,8.0,7.0,224.0,43.0,63.0,54.0,58.0,240.0,51.0,21.0,73.0,0.0,39.0,57.0,277.0,60.0,20.0,21.0,24.0,5.0,0.0,130.0
2018-08-19,88.0,21.0,39.0,50.0,262.0,36.0,94.0,10.0,20.0,47.0,8.0,9.0,265.0,51.0,58.0,57.0,58.0,248.0,30.0,37.0,71.0,30.0,47.0,55.0,296.0,58.0,19.0,22.0,23.0,4.0,1.0,127.0
2018-08-26,83.0,21.0,37.0,40.0,242.0,35.0,81.0,10.0,0.0,63.0,8.0,8.0,232.0,50.0,67.0,52.0,50.0,243.0,59.0,20.0,73.0,0.0,47.0,53.0,283.0,53.0,19.0,21.0,21.0,5.0,0.0,119.0
2018-09-02,82.0,21.0,49.0,37.0,246.0,32.0,36.0,10.0,18.0,42.0,8.0,7.0,191.0,61.0,49.0,50.0,43.0,225.0,47.0,45.0,71.0,20.0,54.0,60.0,297.0,54.0,18.0,23.0,20.0,6.0,0.0,121.0
2018-09-09,77.0,24.0,61.0,35.0,271.0,33.0,53.0,12.0,29.0,58.0,7.0,6.0,237.0,67.0,59.0,48.0,53.0,250.0,45.0,64.0,99.0,100.0,41.0,86.0,486.0,61.0,19.0,25.0,22.0,7.0,1.0,135.0
2018-09-16,80.0,26.0,55.0,16.0,252.0,33.0,41.0,11.0,17.0,63.0,6.0,8.0,214.0,69.0,65.0,57.0,54.0,268.0,63.0,37.0,79.0,0.0,45.0,83.0,372.0,59.0,20.0,34.0,24.0,10.0,0.0,147.0
2018-09-23,89.0,24.0,53.0,80.0,322.0,34.0,72.0,12.0,17.0,78.0,6.0,6.0,248.0,66.0,70.0,53.0,58.0,269.0,60.0,36.0,75.0,19.0,31.0,75.0,320.0,68.0,20.0,37.0,25.0,11.0,1.0,162.0
2018-09-30,82.0,21.0,50.0,0.0,228.0,31.0,30.0,13.0,0.0,60.0,6.0,7.0,188.0,58.0,67.0,57.0,47.0,250.0,55.0,33.0,75.0,0.0,33.0,97.0,339.0,64.0,19.0,39.0,23.0,13.0,1.0,159.0
2018-10-07,93.0,24.0,51.0,49.0,299.0,32.0,52.0,12.0,0.0,59.0,6.0,6.0,214.0,53.0,72.0,60.0,48.0,255.0,51.0,0.0,74.0,42.0,29.0,92.0,362.0,62.0,20.0,38.0,25.0,16.0,4.0,165.0
2018-10-14,99.0,23.0,53.0,62.0,320.0,35.0,37.0,13.0,34.0,71.0,6.0,9.0,240.0,58.0,70.0,59.0,49.0,258.0,49.0,35.0,74.0,0.0,45.0,93.0,322.0,63.0,19.0,36.0,21.0,22.0,2.0,163.0
2018-10-21,92.0,25.0,46.0,61.0,306.0,42.0,44.0,11.0,34.0,70.0,6.0,5.0,240.0,57.0,63.0,56.0,49.0,247.0,61.0,32.0,76.0,0.0,58.0,76.0,368.0,69.0,21.0,35.0,25.0,28.0,2.0,180.0
2018-10-28,96.0,28.0,43.0,45.0,305.0,36.0,55.0,12.0,13.0,72.0,7.0,6.0,228.0,55.0,69.0,53.0,53.0,254.0,64.0,43.0,81.0,0.0,44.0,64.0,331.0,65.0,20.0,35.0,22.0,27.0,2.0,171.0
2018-11-04,94.0,23.0,45.0,65.0,326.0,33.0,27.0,12.0,12.0,68.0,7.0,7.0,201.0,64.0,77.0,57.0,54.0,276.0,77.0,56.0,88.0,26.0,49.0,82.0,429.0,66.0,21.0,35.0,24.0,24.0,2.0,172.0
2018-11-11,90.0,23.0,46.0,35.0,288.0,33.0,42.0,9.0,25.0,92.0,7.0,7.0,258.0,55.0,72.0,54.0,43.0,246.0,65.0,34.0,87.0,42.0,38.0,73.0,376.0,64.0,20.0,36.0,23.0,24.0,2.0,169.0
2018-11-18,91.0,25.0,35.0,62.0,304.0,27.0,45.0,9.0,37.0,77.0,7.0,8.0,241.0,54.0,78.0,51.0,45.0,249.0,65.0,35.0,83.0,40.0,64.0,88.0,418.0,64.0,22.0,42.0,24.0,19.0,2.0,173.0
2018-11-25,95.0,24.0,41.0,50.0,303.0,30.0,55.0,11.0,26.0,79.0,7.0,8.0,253.0,61.0,73.0,60.0,51.0,267.0,59.0,46.0,90.0,19.0,65.0,83.0,440.0,80.0,21.0,38.0,27.0,17.0,3.0,186.0
2018-12-02,90.0,22.0,39.0,49.0,292.0,30.0,54.0,14.0,28.0,71.0,7.0,8.0,267.0,58.0,73.0,59.0,54.0,265.0,58.0,29.0,81.0,33.0,61.0,73.0,394.0,71.0,21.0,45.0,27.0,16.0,2.0,182.0
2018-12-09,81.0,22.0,45.0,46.0,288.0,25.0,39.0,14.0,32.0,65.0,7.0,9.0,225.0,49.0,66.0,62.0,48.0,248.0,57.0,40.0,70.0,0.0,37.0,65.0,310.0,70.0,20.0,44.0,32.0,16.0,3.0,185.0
2018-12-16,81.0,21.0,37.0,65.0,282.0,25.0,25.0,11.0,63.0,91.0,9.0,9.0,260.0,48.0,58.0,72.0,49.0,252.0,38.0,28.0,61.0,0.0,65.0,70.0,301.0,67.0,21.0,49.0,37.0,18.0,4.0,196.0
2018-12-23,71.0,18.0,30.0,30.0,208.0,20.0,14.0,9.0,0.0,49.0,6.0,6.0,145.0,26.0,42.0,75.0,47.0,213.0,25.0,21.0,35.0,0.0,25.0,36.0,168.0,64.0,19.0,54.0,41.0,22.0,3.0,203.0
2018-12-30,78.0,20.0,30.0,51.0,255.0,29.0,17.0,12.0,22.0,64.0,10.0,8.0,200.0,35.0,43.0,76.0,52.0,228.0,47.0,40.0,60.0,47.0,66.0,43.0,322.0,69.0,21.0,56.0,35.0,25.0,6.0,212.0
2019-01-06,88.0,22.0,37.0,60.0,286.0,35.0,60.0,14.0,0.0,76.0,11.0,12.0,233.0,67.0,71.0,60.0,71.0,292.0,52.0,35.0,87.0,24.0,56.0,85.0,372.0,69.0,22.0,45.0,30.0,29.0,5.0,200.0
2019-01-13,83.0,23.0,42.0,70.0,300.0,40.0,54.0,13.0,0.0,65.0,8.0,8.0,212.0,95.0,74.0,61.0,65.0,318.0,72.0,29.0,81.0,0.0,67.0,68.0,368.0,71.0,22.0,36.0,32.0,23.0,4.0,188.0
2019-01-20,91.0,26.0,32.0,23.0,257.0,34.0,58.0,14.0,0.0,74.0,8.0,8.0,219.0,80.0,74.0,55.0,51.0,282.0,78.0,34.0,73.0,36.0,57.0,62.0,387.0,66.0,22.0,38.0,32.0,22.0,6.0,186.0
2019-01-27,95.0,21.0,33.0,43.0,292.0,34.0,65.0,13.0,16.0,73.0,8.0,7.0,238.0,71.0,63.0,49.0,52.0,257.0,73.0,48.0,88.0,30.0,61.0,75.0,417.0,62.0,21.0,37.0,32.0,16.0,3.0,171.0
2019-02-03,88.0,22.0,33.0,37.0,263.0,37.0,64.0,13.0,0.0,62.0,8.0,10.0,230.0,69.0,65.0,56.0,59.0,270.0,61.0,43.0,80.0,0.0,31.0,97.0,356.0,57.0,22.0,38.0,31.0,17.0,3.0,168.0
2019-02-10,80.0,18.0,36.0,44.0,257.0,33.0,40.0,11.0,16.0,73.0,8.0,7.0,211.0,60.0,55.0,56.0,57.0,250.0,52.0,36.0,78.0,26.0,35.0,64.0,341.0,62.0,21.0,34.0,25.0,14.0,1.0,157.0
2019-02-17,90.0,24.0,40.0,26.0,262.0,37.0,41.0,12.0,20.0,63.0,8.0,6.0,198.0,58.0,88.0,58.0,58.0,285.0,45.0,33.0,69.0,30.0,44.0,60.0,301.0,59.0,23.0,34.0,29.0,14.0,3.0,162.0
2019-02-24,84.0,27.0,34.0,49.0,272.0,36.0,43.0,10.0,0.0,68.0,8.0,8.0,203.0,65.0,65.0,55.0,53.0,260.0,56.0,41.0,74.0,0.0,39.0,67.0,330.0,55.0,21.0,32.0,28.0,12.0,1.0,149.0
2019-03-03,85.0,23.0,34.0,47.0,267.0,40.0,48.0,12.0,20.0,68.0,8.0,8.0,227.0,59.0,81.0,57.0,49.0,268.0,63.0,42.0,85.0,84.0,86.0,60.0,464.0,62.0,23.0,35.0,27.0,14.0,1.0,162.0
2019-03-10,86.0,23.0,29.0,58.0,278.0,41.0,62.0,13.0,20.0,56.0,8.0,9.0,232.0,75.0,74.0,54.0,55.0,281.0,73.0,22.0,91.0,0.0,37.0,61.0,336.0,59.0,22.0,38.0,27.0,13.0,3.0,162.0
2019-03-17,93.0,34.0,32.0,50.0,295.0,46.0,78.0,13.0,44.0,64.0,8.0,9.0,286.0,78.0,69.0,57.0,55.0,281.0,57.0,30.0,79.0,0.0,83.0,100.0,385.0,58.0,22.0,37.0,27.0,13.0,3.0,160.0
2019-03-24,90.0,25.0,39.0,40.0,287.0,46.0,59.0,12.0,21.0,73.0,8.0,8.0,270.0,79.0,78.0,59.0,57.0,295.0,64.0,51.0,86.0,0.0,42.0,77.0,342.0,59.0,23.0,36.0,30.0,12.0,1.0,161.0
2019-03-31,87.0,24.0,42.0,32.0,270.0,40.0,39.0,11.0,0.0,75.0,7.0,8.0,210.0,99.0,72.0,57.0,63.0,313.0,50.0,29.0,72.0,36.0,67.0,86.0,385.0,59.0,21.0,36.0,30.0,11.0,1.0,158.0
2019-04-07,88.0,24.0,34.0,71.0,296.0,40.0,51.0,10.0,0.0,54.0,7.0,9.0,192.0,79.0,75.0,56.0,58.0,291.0,57.0,30.0,85.0,0.0,61.0,75.0,348.0,61.0,22.0,35.0,29.0,10.0,1.0,158.0
2019-04-14,85.0,19.0,34.0,22.0,233.0,37.0,42.0,9.0,17.0,65.0,6.0,6.0,207.0,56.0,57.0,57.0,55.0,247.0,48.0,46.0,71.0,0.0,63.0,58.0,326.0,54.0,19.0,36.0,31.0,9.0,1.0,150.0
2019-04-21,81.0,19.0,38.0,36.0,249.0,40.0,53.0,11.0,0.0,58.0,7.0,7.0,197.0,53.0,62.0,53.0,59.0,250.0,44.0,22.0,79.0,24.0,47.0,69.0,285.0,54.0,20.0,32.0,25.0,9.0,2.0,142.0
2019-04-28,86.0,19.0,33.0,44.0,264.0,41.0,73.0,11.0,0.0,82.0,7.0,8.0,245.0,61.0,63.0,55.0,51.0,253.0,61.0,26.0,74.0,26.0,44.0,72.0,339.0,55.0,21.0,32.0,26.0,8.0,1.0,143.0
2019-05-05,76.0,19.0,35.0,44.0,256.0,41.0,76.0,11.0,12.0,59.0,6.0,7.0,227.0,57.0,59.0,50.0,55.0,245.0,54.0,34.0,73.0,0.0,70.0,70.0,358.0,50.0,21.0,31.0,25.0,7.0,0.0,134.0
2019-05-12,83.0,18.0,36.0,29.0,243.0,39.0,46.0,11.0,11.0,56.0,7.0,6.0,191.0,56.0,65.0,59.0,50.0,254.0,66.0,43.0,64.0,17.0,45.0,71.0,348.0,53.0,21.0,32.0,24.0,7.0,1.0,138.0
2019-05-19,83.0,21.0,43.0,29.0,257.0,38.0,63.0,9.0,27.0,59.0,6.0,5.0,230.0,53.0,66.0,62.0,51.0,255.0,63.0,28.0,75.0,0.0,69.0,71.0,367.0,51.0,21.0,29.0,24.0,7.0,2.0,134.0
2019-05-26,78.0,20.0,42.0,49.0,267.0,37.0,47.0,11.0,14.0,87.0,6.0,5.0,244.0,56.0,62.0,55.0,50.0,245.0,60.0,33.0,75.0,37.0,40.0,55.0,344.0,55.0,20.0,27.0,20.0,5.0,0.0,127.0
2019-06-02,80.0,19.0,44.0,46.0,257.0,39.0,22.0,10.0,21.0,52.0,6.0,7.0,182.0,55.0,68.0,58.0,55.0,258.0,55.0,21.0,73.0,0.0,51.0,53.0,296.0,55.0,19.0,29.0,23.0,5.0,1.0,132.0
2019-06-09,75.0,18.0,36.0,47.0,250.0,36.0,43.0,10.0,16.0,49.0,7.0,6.0,192.0,51.0,73.0,57.0,51.0,254.0,68.0,26.0,72.0,34.0,59.0,76.0,335.0,54.0,20.0,28.0,21.0,5.0,0.0,128.0
2019-06-16,77.0,17.0,32.0,50.0,251.0,41.0,31.0,10.0,0.0,50.0,7.0,7.0,165.0,54.0,54.0,58.0,47.0,235.0,64.0,37.0,81.0,0.0,55.0,61.0,326.0,53.0,20.0,27.0,31.0,5.0,0.0,136.0
2019-06-23,77.0,20.0,34.0,45.0,233.0,39.0,60.0,11.0,0.0,63.0,8.0,12.0,224.0,48.0,59.0,53.0,53.0,239.0,47.0,31.0,68.0,21.0,65.0,54.0,328.0,49.0,20.0,27.0,26.0,5.0,0.0,127.0
2019-06-30,68.0,17.0,32.0,28.0,210.0,35.0,41.0,11.0,0.0,46.0,8.0,11.0,190.0,41.0,46.0,62.0,54.0,227.0,37.0,31.0,69.0,18.0,57.0,45.0,275.0,48.0,19.0,27.0,22.0,5.0,0.0,121.0
2019-07-07,77.0,18.0,36.0,30.0,230.0,40.0,100.0,11.0,44.0,53.0,8.0,9.0,291.0,47.0,46.0,58.0,58.0,234.0,57.0,41.0,66.0,63.0,65.0,57.0,384.0,53.0,20.0,25.0,19.0,4.0,0.0,121.0
2019-07-14,79.0,18.0,39.0,28.0,232.0,42.0,75.0,10.0,28.0,36.0,9.0,11.0,251.0,45.0,53.0,61.0,59.0,241.0,60.0,30.0,70.0,96.0,44.0,60.0,379.0,49.0,19.0,23.0,21.0,5.0,1.0,118.0
2019-07-21,76.0,18.0,32.0,17.0,208.0,40.0,35.0,10.0,12.0,60.0,9.0,10.0,216.0,38.0,56.0,63.0,63.0,245.0,56.0,40.0,78.0,42.0,65.0,54.0,378.0,49.0,20.0,22.0,24.0,4.0,1.0,120.0
2019-07-28,77.0,19.0,38.0,44.0,242.0,41.0,38.0,9.0,0.0,76.0,8.0,9.0,231.0,41.0,39.0,60.0,55.0,220.0,66.0,40.0,68.0,17.0,63.0,46.0,378.0,49.0,20.0,25.0,22.0,4.0,1.0,121.0
2019-08-04,82.0,21.0,46.0,60.0,277.0,37.0,35.0,10.0,12.0,65.0,8.0,8.0,206.0,37.0,43.0,60.0,59.0,222.0,45.0,40.0,61.0,0.0,60.0,38.0,300.0,46.0,20.0,20.0,23.0,5.0,0.0,114.0
2019-08-11,84.0,23.0,36.0,27.0,233.0,43.0,44.0,10.0,0.0,63.0,8.0,9.0,215.0,41.0,47.0,58.0,55.0,226.0,43.0,27.0,73.0,0.0,51.0,63.0,257.0,49.0,20.0,23.0,21.0,4.0,1.0,118.0
2019-08-18,80.0,20.0,40.0,43.0,246.0,43.0,38.0,10.0,31.0,66.0,8.0,10.0,251.0,51.0,50.0,61.0,60.0,247.0,58.0,16.0,78.0,0.0,64.0,54.0,291.0,49.0,20.0,22.0,20.0,5.0,0.0,116.0
2019-08-25,71.0,19.0,54.0,36.0,238.0,43.0,73.0,10.0,0.0,64.0,8.0,8.0,241.0,54.0,56.0,53.0,54.0,242.0,55.0,19.0,70.0,21.0,44.0,57.0,278.0,49.0,19.0,24.0,19.0,6.0,1.0,118.0
2019-09-01,80.0,20.0,44.0,36.0,236.0,40.0,51.0,9.0,25.0,64.0,8.0,7.0,250.0,63.0,49.0,51.0,54.0,241.0,31.0,32.0,79.0,0.0,41.0,75.0,298.0,49.0,18.0,24.0,21.0,6.0,2.0,120.0
2019-09-08,81.0,27.0,42.0,42.0,254.0,40.0,50.0,11.0,0.0,54.0,7.0,7.0,200.0,70.0,51.0,54.0,57.0,258.0,58.0,22.0,83.0,0.0,62.0,90.0,336.0,54.0,20.0,29.0,22.0,8.0,2.0,135.0
2019-09-15,83.0,20.0,43.0,38.0,251.0,40.0,58.0,11.0,17.0,60.0,7.0,7.0,229.0,66.0,51.0,57.0,50.0,249.0,82.0,47.0,87.0,29.0,42.0,77.0,438.0,63.0,20.0,36.0,24.0,10.0,2.0,155.0
2019-09-22,83.0,24.0,46.0,57.0,277.0,39.0,66.0,11.0,13.0,89.0,6.0,7.0,260.0,66.0,57.0,58.0,49.0,255.0,65.0,34.0,85.0,0.0,57.0,90.0,388.0,62.0,21.0,37.0,25.0,12.0,2.0,159.0
2019-09-29,81.0,26.0,51.0,55.0,283.0,37.0,38.0,11.0,19.0,73.0,7.0,7.0,219.0,71.0,61.0,50.0,52.0,257.0,57.0,37.0,98.0,0.0,58.0,81.0,369.0,62.0,20.0,34.0,21.0,13.0,2.0,152.0
2019-10-06,85.0,24.0,48.0,24.0,256.0,35.0,41.0,11.0,20.0,71.0,7.0,6.0,208.0,70.0,64.0,51.0,51.0,261.0,63.0,24.0,81.0,0.0,33.0,65.0,359.0,63.0,20.0,40.0,24.0,18.0,1.0,166.0
2019-10-13,84.0,24.0,50.0,63.0,300.0,36.0,27.0,8.0,11.0,64.0,6.0,6.0,187.0,54.0,54.0,55.0,53.0,241.0,63.0,49.0,77.0,0.0,24.0,99.0,362.0,56.0,20.0,38.0,23.0,20.0,2.0,159.0
2019-10-20,83.0,20.0,50.0,48.0,280.0,36.0,54.0,14.0,27.0,70.0,6.0,7.0,260.0,60.0,66.0,52.0,49.0,252.0,56.0,18.0,83.0,0.0,63.0,83.0,303.0,59.0,20.0,39.0,23.0,29.0,1.0,171.0
2019-10-27,85.0,25.0,53.0,40.0,288.0,38.0,52.0,12.0,17.0,84.0,6.0,7.0,251.0,61.0,72.0,54.0,50.0,262.0,62.0,28.0,79.0,0.0,64.0,73.0,339.0,59.0,19.0,37.0,24.0,30.0,1.0,170.0
2019-11-03,80.0,21.0,42.0,43.0,274.0,36.0,44.0,11.0,23.0,62.0,6.0,9.0,233.0,63.0,66.0,55.0,51.0,261.0,63.0,41.0,84.0,0.0,67.0,77.0,403.0,55.0,20.0,39.0,24.0,32.0,1.0,171.0
2019-11-10,78.0,21.0,35.0,34.0,251.0,31.0,49.0,11.0,30.0,56.0,7.0,7.0,218.0,57.0,64.0,54.0,52.0,250.0,49.0,26.0,94.0,16.0,45.0,80.0,358.0,57.0,19.0,38.0,24.0,27.0,3.0,168.0
2019-11-17,86.0,22.0,36.0,39.0,269.0,36.0,68.0,12.0,31.0,69.0,7.0,7.0,268.0,60.0,69.0,56.0,51.0,262.0,69.0,41.0,83.0,0.0,59.0,84.0,416.0,59.0,21.0,41.0,25.0,22.0,2.0,170.0
2019-11-24,87.0,22.0,40.0,40.0,281.0,28.0,43.0,10.0,18.0,73.0,6.0,6.0,206.0,57.0,80.0,50.0,53.0,265.0,57.0,38.0,74.0,17.0,53.0,87.0,377.0,57.0,21.0,39.0,25.0,19.0,3.0,164.0
2019-12-01,77.0,17.0,36.0,51.0,256.0,29.0,46.0,13.0,37.0,69.0,7.0,7.0,247.0,64.0,74.0,51.0,53.0,265.0,58.0,48.0,81.0,0.0,49.0,85.0,375.0,60.0,19.0,40.0,28.0,17.0,4.0,168.0
2019-12-08,81.0,23.0,33.0,58.0,274.0,30.0,61.0,13.0,21.0,60.0,7.0,7.0,227.0,55.0,70.0,56.0,55.0,262.0,53.0,36.0,77.0,0.0,50.0,62.0,324.0,60.0,21.0,42.0,32.0,17.0,4.0,176.0
2019-12-15,72.0,19.0,35.0,46.0,244.0,28.0,67.0,13.0,21.0,83.0,9.0,8.0,269.0,49.0,65.0,61.0,58.0,260.0,51.0,40.0,70.0,0.0,43.0,64.0,294.0,66.0,20.0,50.0,36.0,18.0,5.0,195.0
2019-12-22,65.0,16.0,29.0,36.0,209.0,22.0,64.0,10.0,0.0,49.0,6.0,6.0,195.0,28.0,44.0,77.0,60.0,238.0,32.0,36.0,33.0,0.0,22.0,39.0,202.0,64.0,19.0,62.0,48.0,26.0,7.0,226.0
2019-12-29,79.0,19.0,30.0,35.0,224.0,33.0,54.0,10.0,23.0,62.0,10.0,10.0,256.0,33.0,56.0,78.0,63.0,256.0,43.0,41.0,48.0,0.0,51.0,42.0,273.0,66.0,22.0,67.0,46.0,28.0,6.0,235.0
2020-01-05,79.0,21.0,36.0,34.0,245.0,38.0,50.0,12.0,8.0,68.0,11.0,10.0,231.0,62.0,61.0,56.0,68.0,274.0,60.0,41.0,98.0,15.0,61.0,68.0,387.0,69.0,21.0,52.0,39.0,26.0,5.0,212.0
2020-01-12,88.0,19.0,36.0,53.0,281.0,39.0,55.0,11.0,12.0,58.0,10.0,9.0,251.0,84.0,74.0,57.0,66.0,308.0,53.0,44.0,85.0,26.0,64.0,84.0,409.0,77.0,23.0,45.0,41.0,27.0,5.0,218.0
2020-01-19,89.0,20.0,35.0,49.0,285.0,38.0,46.0,14.0,17.0,58.0,9.0,10.0,235.0,99.0,73.0,58.0,61.0,317.0,66.0,39.0,79.0,0.0,67.0,46.0,365.0,68.0,28.0,48.0,40.0,35.0,3.0,222.0
2020-01-26,90.0,19.0,35.0,12.0,240.0,41.0,77.0,13.0,10.0,82.0,8.0,8.0,289.0,81.0,62.0,69.0,63.0,302.0,65.0,48.0,89.0,0.0,48.0,80.0,368.0,73.0,41.0,51.0,45.0,58.0,4.0,272.0
2020-02-02,85.0,24.0,32.0,56.0,276.0,46.0,71.0,15.0,27.0,67.0,9.0,7.0,322.0,82.0,68.0,60.0,59.0,295.0,85.0,36.0,91.0,0.0,41.0,59.0,378.0,70.0,27.0,43.0,40.0,33.0,3.0,216.0
2020-02-09,76.0,22.0,33.0,32.0,234.0,42.0,50.0,12.0,15.0,65.0,8.0,5.0,297.0,72.0,66.0,58.0,65.0,287.0,79.0,31.0,85.0,21.0,45.0,79.0,365.0,68.0,24.0,37.0,40.0,24.0,3.0,196.0
2020-02-16,82.0,21.0,35.0,42.0,254.0,47.0,67.0,11.0,20.0,60.0,8.0,6.0,244.0,63.0,61.0,55.0,63.0,267.0,68.0,30.0,78.0,0.0,50.0,67.0,358.0,53.0,23.0,39.0,50.0,19.0,2.0,187.0
2020-02-23,88.0,19.0,34.0,55.0,270.0,46.0,56.0,11.0,19.0,100.0,9.0,8.0,276.0,70.0,68.0,61.0,68.0,292.0,57.0,49.0,86.0,19.0,55.0,83.0,349.0,68.0,27.0,39.0,34.0,35.0,2.0,207.0
2020-03-01,86.0,20.0,41.0,51.0,280.0,71.0,58.0,12.0,15.0,54.0,7.0,9.0,256.0,70.0,74.0,77.0,66.0,314.0,60.0,42.0,86.0,0.0,51.0,71.0,391.0,70.0,41.0,41.0,39.0,49.0,3.0,249.0
2020-03-08,80.0,17.0,47.0,43.0,264.0,68.0,73.0,16.0,0.0,66.0,13.0,15.0,272.0,60.0,63.0,100.0,50.0,304.0,76.0,45.0,79.0,0.0,44.0,70.0,365.0,82.0,97.0,67.0,67.0,88.0,2.0,433.0
2020-03-15,77.0,13.0,50.0,55.0,273.0,100.0,92.0,87.0,40.0,94.0,80.0,93.0,684.0,68.0,50.0,96.0,50.0,303.0,46.0,100.0,58.0,0.0,76.0,57.0,365.0,100.0,100.0,98.0,100.0,100.0,2.0,579.0
2020-03-22,80.0,16.0,47.0,44.0,271.0,76.0,81.0,100.0,71.0,97.0,100.0,100.0,684.0,67.0,53.0,96.0,45.0,298.0,32.0,66.0,49.0,21.0,76.0,62.0,366.0,72.0,68.0,76.0,74.0,65.0,1.0,437.0
2020-03-29,81.0,19.0,43.0,51.0,273.0,62.0,66.0,58.0,70.0,89.0,68.0,62.0,506.0,68.0,60.0,88.0,54.0,304.0,46.0,54.0,45.0,13.0,100.0,60.0,375.0,57.0,46.0,54.0,54.0,61.0,2.0,343.0
2020-04-05,74.0,17.0,41.0,68.0,278.0,40.0,29.0,59.0,56.0,77.0,76.0,49.0,426.0,58.0,62.0,78.0,65.0,294.0,46.0,50.0,40.0,31.0,96.0,49.0,312.0,47.0,32.0,44.0,41.0,47.0,1.0,272.0
2020-04-12,75.0,17.0,42.0,67.0,293.0,42.0,26.0,36.0,37.0,77.0,47.0,30.0,322.0,54.0,69.0,77.0,54.0,285.0,48.0,61.0,45.0,29.0,84.0,77.0,411.0,48.0,27.0,33.0,35.0,35.0,1.0,229.0
2020-04-19,78.0,18.0,43.0,56.0,274.0,41.0,57.0,29.0,57.0,74.0,32.0,20.0,343.0,56.0,61.0,69.0,50.0,265.0,34.0,55.0,49.0,36.0,89.0,75.0,356.0,45.0,26.0,28.0,30.0,33.0,0.0,205.0
2020-04-26,71.0,21.0,43.0,47.0,260.0,42.0,61.0,24.0,100.0,51.0,26.0,16.0,350.0,66.0,49.0,63.0,56.0,264.0,40.0,54.0,46.0,78.0,79.0,70.0,416.0,52.0,24.0,26.0,29.0,27.0,1.0,198.0
2020-05-03,73.0,18.0,37.0,65.0,264.0,45.0,59.0,26.0,20.0,46.0,24.0,15.0,261.0,60.0,50.0,63.0,56.0,260.0,54.0,48.0,58.0,16.0,62.0,68.0,349.0,42.0,25.0,22.0,26.0,22.0,0.0,173.0
2020-05-10,75.0,15.0,41.0,51.0,260.0,42.0,55.0,20.0,17.0,59.0,22.0,12.0,250.0,61.0,60.0,65.0,49.0,265.0,49.0,37.0,55.0,29.0,61.0,60.0,348.0,41.0,23.0,21.0,24.0,22.0,1.0,167.0
2020-05-17,83.0,18.0,40.0,36.0,246.0,43.0,66.0,23.0,14.0,51.0,20.0,10.0,250.0,58.0,55.0,67.0,57.0,267.0,58.0,36.0,51.0,0.0,81.0,67.0,353.0,39.0,22.0,21.0,25.0,19.0,1.0,160.0
2020-05-24,75.0,17.0,36.0,38.0,231.0,45.0,87.0,21.0,19.0,53.0,18.0,10.0,277.0,52.0,56.0,61.0,63.0,264.0,47.0,33.0,49.0,0.0,56.0,54.0,259.0,54.0,23.0,19.0,24.0,15.0,0.0,170.0
2020-05-31,78.0,19.0,38.0,34.0,228.0,49.0,53.0,22.0,20.0,38.0,16.0,10.0,254.0,55.0,56.0,57.0,58.0,255.0,60.0,34.0,53.0,0.0,67.0,77.0,342.0,42.0,23.0,18.0,22.0,10.0,0.0,144.0
2020-06-07,71.0,16.0,41.0,52.0,248.0,54.0,77.0,22.0,8.0,54.0,19.0,11.0,288.0,54.0,68.0,58.0,69.0,279.0,47.0,34.0,50.0,36.0,63.0,52.0,336.0,42.0,23.0,17.0,21.0,11.0,1.0,146.0
2020-06-14,81.0,26.0,35.0,41.0,261.0,50.0,76.0,17.0,0.0,52.0,21.0,10.0,257.0,59.0,68.0,60.0,63.0,282.0,47.0,39.0,60.0,21.0,77.0,61.0,362.0,52.0,24.0,18.0,22.0,10.0,1.0,157.0
2020-06-21,83.0,18.0,34.0,37.0,231.0,49.0,77.0,18.0,0.0,51.0,19.0,10.0,249.0,54.0,62.0,62.0,57.0,266.0,48.0,16.0,64.0,0.0,58.0,48.0,293.0,46.0,26.0,18.0,21.0,14.0,0.0,157.0
2020-06-28,77.0,20.0,36.0,28.0,224.0,51.0,78.0,18.0,22.0,48.0,18.0,10.0,276.0,46.0,58.0,67.0,68.0,273.0,40.0,29.0,57.0,0.0,60.0,48.0,247.0,44.0,26.0,17.0,26.0,23.0,0.0,170.0
2020-07-05,85.0,18.0,30.0,49.0,245.0,54.0,56.0,19.0,15.0,43.0,18.0,10.0,272.0,54.0,54.0,61.0,69.0,271.0,59.0,33.0,66.0,0.0,53.0,43.0,254.0,44.0,28.0,19.0,23.0,14.0,0.0,159.0
2020-07-12,80.0,18.0,37.0,47.0,244.0,51.0,93.0,16.0,27.0,48.0,15.0,6.0,308.0,54.0,65.0,61.0,63.0,274.0,56.0,24.0,68.0,17.0,74.0,64.0,325.0,45.0,26.0,17.0,26.0,12.0,1.0,158.0
2020-07-19,81.0,18.0,36.0,34.0,238.0,50.0,54.0,15.0,0.0,35.0,14.0,7.0,200.0,52.0,60.0,74.0,74.0,289.0,48.0,54.0,69.0,0.0,41.0,49.0,317.0,47.0,24.0,18.0,23.0,13.0,1.0,157.0
2020-07-26,81.0,17.0,38.0,40.0,245.0,49.0,86.0,15.0,30.0,70.0,13.0,8.0,320.0,65.0,56.0,69.0,60.0,277.0,55.0,31.0,67.0,0.0,69.0,61.0,328.0,50.0,25.0,18.0,23.0,11.0,0.0,160.0
2020-08-02,84.0,19.0,36.0,53.0,256.0,49.0,77.0,16.0,16.0,50.0,16.0,6.0,287.0,51.0,64.0,63.0,58.0,265.0,48.0,34.0,69.0,0.0,54.0,50.0,297.0,43.0,24.0,18.0,26.0,12.0,1.0,154.0
2020-08-09,89.0,17.0,30.0,25.0,222.0,58.0,74.0,16.0,18.0,52.0,16.0,9.0,287.0,56.0,57.0,60.0,75.0,278.0,60.0,35.0,64.0,0.0,45.0,48.0,295.0,51.0,25.0,19.0,23.0,13.0,1.0,161.0
2020-08-16,85.0,19.0,36.0,29.0,226.0,56.0,60.0,13.0,13.0,51.0,18.0,9.0,268.0,56.0,51.0,59.0,67.0,262.0,43.0,35.0,72.0,20.0,37.0,40.0,277.0,45.0,22.0,20.0,25.0,12.0,0.0,149.0
2020-08-23,85.0,27.0,35.0,24.0,232.0,52.0,64.0,13.0,14.0,52.0,18.0,8.0,257.0,53.0,53.0,57.0,70.0,265.0,59.0,38.0,56.0,0.0,65.0,55.0,326.0,42.0,26.0,19.0,25.0,12.0,0.0,148.0
2020-08-30,79.0,20.0,30.0,20.0,203.0,49.0,96.0,12.0,29.0,43.0,16.0,8.0,293.0,57.0,49.0,56.0,68.0,261.0,46.0,30.0,60.0,28.0,68.0,39.0,309.0,42.0,26.0,20.0,23.0,13.0,1.0,150.0
2020-09-06,85.0,38.0,34.0,30.0,246.0,47.0,67.0,11.0,15.0,34.0,15.0,7.0,246.0,58.0,49.0,56.0,60.0,252.0,55.0,27.0,75.0,51.0,69.0,50.0,363.0,40.0,26.0,20.0,24.0,20.0,1.0,159.0
2020-09-13,86.0,20.0,35.0,28.0,233.0,47.0,82.0,13.0,35.0,50.0,15.0,9.0,287.0,63.0,56.0,52.0,68.0,267.0,61.0,46.0,82.0,0.0,57.0,78.0,359.0,49.0,28.0,21.0,27.0,21.0,1.0,190.0
2020-09-20,82.0,18.0,38.0,45.0,251.0,46.0,58.0,14.0,20.0,55.0,17.0,10.0,257.0,63.0,60.0,52.0,60.0,269.0,57.0,63.0,75.0,0.0,66.0,65.0,349.0,51.0,33.0,25.0,32.0,35.0,1.0,223.0
2020-09-27,86.0,19.0,37.0,41.0,248.0,49.0,65.0,17.0,24.0,60.0,24.0,11.0,304.0,57.0,62.0,51.0,54.0,259.0,48.0,44.0,69.0,27.0,55.0,71.0,368.0,56.0,35.0,31.0,31.0,30.0,0.0,239.0
2020-10-04,84.0,16.0,41.0,40.0,251.0,45.0,42.0,17.0,48.0,54.0,21.0,10.0,283.0,58.0,64.0,56.0,63.0,278.0,61.0,49.0,70.0,0.0,60.0,62.0,353.0,56.0,32.0,30.0,31.0,68.0,1.0,267.0
2020-10-11,89.0,19.0,44.0,49.0,282.0,47.0,77.0,18.0,31.0,43.0,26.0,13.0,297.0,50.0,59.0,58.0,63.0,271.0,47.0,32.0,77.0,0.0,24.0,66.0,279.0,53.0,32.0,32.0,30.0,90.0,2.0,279.0
2020-10-18,91.0,18.0,44.0,48.0,282.0,50.0,71.0,15.0,49.0,59.0,21.0,11.0,325.0,52.0,68.0,57.0,66.0,279.0,69.0,42.0,90.0,0.0,47.0,64.0,371.0,50.0,29.0,29.0,27.0,85.0,1.0,255.0
2020-10-25,89.0,18.0,46.0,47.0,272.0,45.0,43.0,15.0,28.0,57.0,18.0,10.0,260.0,47.0,72.0,52.0,58.0,265.0,57.0,47.0,66.0,18.0,20.0,60.0,321.0,50.0,28.0,26.0,25.0,70.0,1.0,236.0
2020-11-01,80.0,19.0,36.0,42.0,242.0,39.0,52.0,13.0,11.0,59.0,15.0,8.0,251.0,48.0,60.0,50.0,58.0,248.0,63.0,59.0,72.0,0.0,39.0,48.0,315.0,43.0,24.0,21.0,21.0,55.0,1.0,194.0
2020-11-08,85.0,16.0,40.0,50.0,259.0,42.0,78.0,12.0,20.0,49.0,15.0,8.0,248.0,52.0,80.0,55.0,80.0,299.0,53.0,43.0,71.0,0.0,53.0,57.0,334.0,50.0,28.0,25.0,23.0,44.0,1.0,216.0
2020-11-15,86.0,17.0,38.0,34.0,245.0,40.0,55.0,11.0,13.0,45.0,16.0,8.0,234.0,49.0,62.0,53.0,64.0,261.0,61.0,43.0,67.0,0.0,60.0,62.0,330.0,56.0,28.0,24.0,26.0,39.0,1.0,221.0
2020-11-22,83.0,17.0,36.0,25.0,226.0,39.0,50.0,13.0,41.0,50.0,16.0,7.0,267.0,46.0,55.0,52.0,58.0,241.0,57.0,37.0,59.0,24.0,56.0,50.0,320.0,44.0,28.0,25.0,22.0,27.0,1.0,190.0
2020-11-29,84.0,18.0,37.0,36.0,241.0,48.0,84.0,13.0,60.0,59.0,15.0,8.0,347.0,49.0,66.0,57.0,60.0,264.0,65.0,66.0,71.0,0.0,46.0,47.0,329.0,53.0,29.0,24.0,24.0,25.0,1.0,197.0
2020-12-06,89.0,16.0,32.0,12.0,227.0,49.0,51.0,13.0,45.0,57.0,15.0,8.0,284.0,47.0,64.0,59.0,65.0,266.0,77.0,62.0,70.0,21.0,50.0,49.0,426.0,50.0,30.0,27.0,27.0,27.0,1.0,212.0
2020-12-13,83.0,15.0,32.0,50.0,259.0,41.0,82.0,13.0,26.0,47.0,20.0,10.0,278.0,46.0,70.0,60.0,59.0,269.0,59.0,32.0,63.0,0.0,61.0,46.0,305.0,50.0,30.0,23.0,24.0,24.0,1.0,203.0
2020-12-20,75.0,18.0,29.0,29.0,203.0,31.0,46.0,14.0,46.0,52.0,17.0,9.0,258.0,30.0,50.0,65.0,55.0,232.0,26.0,40.0,38.0,0.0,41.0,38.0,210.0,40.0,30.0,25.0,28.0,20.0,1.0,191.0
2020-12-27,81.0,18.0,37.0,43.0,236.0,34.0,68.0,12.0,15.0,33.0,21.0,12.0,251.0,30.0,46.0,71.0,54.0,230.0,41.0,42.0,43.0,0.0,35.0,48.0,237.0,44.0,29.0,24.0,25.0,20.0,1.0,186.0
2021-01-03,87.0,16.0,32.0,37.0,238.0,45.0,70.0,15.0,16.0,45.0,21.0,13.0,279.0,58.0,58.0,55.0,92.0,295.0,46.0,36.0,61.0,0.0,46.0,58.0,277.0,46.0,29.0,22.0,24.0,17.0,1.0,183.0
2021-01-10,88.0,24.0,37.0,40.0,254.0,48.0,69.0,16.0,25.0,43.0,22.0,10.0,303.0,54.0,62.0,54.0,69.0,269.0,55.0,56.0,65.0,0.0,55.0,60.0,343.0,50.0,28.0,23.0,21.0,18.0,1.0,194.0
2021-01-17,93.0,18.0,34.0,40.0,255.0,51.0,56.0,17.0,18.0,41.0,19.0,10.0,259.0,62.0,67.0,48.0,63.0,270.0,56.0,48.0,66.0,34.0,68.0,52.0,362.0,50.0,26.0,23.0,22.0,13.0,1.0,176.0
2021-01-24,88.0,23.0,35.0,20.0,245.0,50.0,82.0,17.0,15.0,56.0,20.0,9.0,284.0,48.0,58.0,57.0,58.0,249.0,62.0,37.0,62.0,0.0,59.0,66.0,345.0,52.0,26.0,19.0,22.0,12.0,1.0,172.0
2021-01-31,98.0,21.0,35.0,44.0,266.0,51.0,63.0,14.0,14.0,58.0,19.0,10.0,279.0,59.0,62.0,53.0,59.0,260.0,65.0,52.0,64.0,0.0,57.0,63.0,341.0,51.0,27.0,20.0,21.0,12.0,1.0,168.0
2021-02-07,88.0,19.0,34.0,45.0,248.0,49.0,50.0,16.0,16.0,46.0,18.0,9.0,248.0,46.0,55.0,47.0,58.0,234.0,59.0,42.0,68.0,22.0,51.0,61.0,360.0,49.0,26.0,19.0,21.0,11.0,1.0,163.0
2021-02-14,82.0,18.0,35.0,18.0,225.0,49.0,35.0,12.0,30.0,49.0,18.0,9.0,260.0,48.0,55.0,56.0,67.0,254.0,39.0,36.0,59.0,0.0,56.0,53.0,302.0,53.0,26.0,17.0,20.0,10.0,0.0,159.0
2021-02-21,90.0,19.0,34.0,58.0,276.0,54.0,41.0,12.0,0.0,55.0,18.0,7.0,227.0,51.0,60.0,52.0,66.0,259.0,56.0,61.0,69.0,0.0,42.0,54.0,353.0,49.0,25.0,18.0,21.0,11.0,0.0,160.0
2021-02-28,92.0,16.0,31.0,40.0,253.0,61.0,66.0,13.0,18.0,51.0,15.0,8.0,269.0,49.0,63.0,52.0,56.0,251.0,52.0,41.0,69.0,0.0,54.0,70.0,349.0,45.0,25.0,18.0,20.0,10.0,1.0,158.0
2021-03-07,89.0,18.0,32.0,30.0,240.0,60.0,76.0,11.0,22.0,45.0,15.0,8.0,271.0,49.0,54.0,46.0,59.0,248.0,51.0,40.0,67.0,0.0,60.0,35.0,302.0,46.0,29.0,18.0,22.0,10.0,1.0,169.0
2021-03-14,85.0,16.0,32.0,41.0,241.0,56.0,56.0,11.0,10.0,47.0,15.0,6.0,229.0,47.0,61.0,51.0,56.0,252.0,66.0,35.0,66.0,16.0,32.0,43.0,258.0,47.0,29.0,23.0,22.0,10.0,0.0,175.0
2021-03-21,89.0,29.0,35.0,32.0,255.0,53.0,41.0,13.0,0.0,48.0,15.0,9.0,204.0,48.0,62.0,49.0,50.0,252.0,55.0,50.0,68.0,0.0,52.0,52.0,318.0,53.0,29.0,20.0,26.0,9.0,1.0,185.0
2021-03-28,86.0,28.0,34.0,19.0,230.0,48.0,51.0,9.0,0.0,42.0,15.0,6.0,206.0,50.0,58.0,55.0,53.0,262.0,56.0,45.0,71.0,0.0,43.0,44.0,313.0,50.0,31.0,22.0,22.0,12.0,1.0,196.0
2021-04-04,88.0,20.0,36.0,49.0,261.0,51.0,53.0,12.0,14.0,40.0,18.0,9.0,259.0,47.0,57.0,53.0,52.0,259.0,53.0,37.0,57.0,0.0,49.0,44.0,304.0,57.0,32.0,27.0,29.0,13.0,1.0,230.0
2021-04-11,83.0,18.0,39.0,31.0,228.0,50.0,49.0,13.0,17.0,53.0,16.0,10.0,249.0,42.0,48.0,54.0,51.0,235.0,68.0,50.0,64.0,0.0,41.0,48.0,298.0,58.0,32.0,23.0,29.0,14.0,1.0,226.0
2021-04-18,84.0,16.0,36.0,31.0,229.0,44.0,45.0,12.0,0.0,47.0,17.0,9.0,226.0,46.0,50.0,51.0,47.0,261.0,61.0,56.0,63.0,0.0,72.0,40.0,324.0,68.0,33.0,24.0,30.0,13.0,1.0,234.0
2021-04-25,87.0,18.0,39.0,27.0,226.0,48.0,57.0,9.0,16.0,46.0,17.0,8.0,239.0,45.0,56.0,53.0,53.0,253.0,63.0,54.0,51.0,0.0,69.0,40.0,277.0,99.0,30.0,26.0,28.0,13.0,1.0,264.0
2021-05-02,89.0,17.0,35.0,21.0,223.0,43.0,47.0,10.0,0.0,41.0,16.0,7.0,200.0,49.0,54.0,53.0,100.0,298.0,51.0,35.0,60.0,0.0,67.0,74.0,328.0,76.0,29.0,23.0,28.0,10.0,1.0,228.0
2021-05-09,87.0,16.0,40.0,24.0,226.0,43.0,46.0,10.0,45.0,47.0,15.0,7.0,243.0,47.0,52.0,54.0,63.0,258.0,56.0,37.0,67.0,0.0,49.0,50.0,322.0,64.0,31.0,21.0,23.0,9.0,1.0,202.0
2021-05-16,79.0,18.0,39.0,46.0,243.0,42.0,67.0,9.0,20.0,44.0,15.0,6.0,244.0,41.0,50.0,55.0,56.0,247.0,46.0,35.0,61.0,27.0,45.0,46.0,299.0,59.0,26.0,20.0,24.0,10.0,1.0,190.0
2021-05-23,86.0,16.0,34.0,25.0,229.0,45.0,53.0,9.0,13.0,47.0,17.0,5.0,219.0,43.0,55.0,55.0,52.0,250.0,61.0,35.0,51.0,0.0,63.0,35.0,278.0,57.0,24.0,20.0,22.0,8.0,0.0,176.0
2021-05-30,84.0,17.0,38.0,37.0,238.0,48.0,69.0,10.0,30.0,38.0,15.0,7.0,255.0,47.0,66.0,57.0,53.0,273.0,44.0,35.0,60.0,0.0,54.0,51.0,289.0,57.0,25.0,19.0,20.0,17.0,0.0,187.0
2021-06-06,79.0,15.0,39.0,36.0,226.0,40.0,32.0,8.0,0.0,33.0,15.0,5.0,164.0,37.0,60.0,59.0,55.0,281.0,47.0,40.0,54.0,0.0,63.0,35.0,272.0,52.0,26.0,20.0,21.0,6.0,1.0,171.0
2021-06-13,75.0,16.0,37.0,28.0,215.0,37.0,57.0,9.0,0.0,36.0,14.0,6.0,176.0,42.0,52.0,63.0,47.0,270.0,49.0,36.0,63.0,25.0,51.0,34.0,288.0,52.0,26.0,19.0,26.0,6.0,1.0,176.0
2021-06-20,77.0,19.0,31.0,19.0,204.0,33.0,43.0,8.0,21.0,34.0,15.0,7.0,192.0,37.0,53.0,53.0,50.0,252.0,53.0,35.0,63.0,54.0,32.0,31.0,324.0,56.0,24.0,17.0,28.0,6.0,1.0,177.0
2021-06-27,76.0,15.0,41.0,15.0,195.0,35.0,52.0,9.0,11.0,37.0,16.0,8.0,198.0,31.0,49.0,63.0,54.0,251.0,57.0,35.0,62.0,21.0,85.0,31.0,304.0,53.0,26.0,17.0,29.0,5.0,2.0,170.0
2021-07-04,84.0,16.0,79.0,21.0,258.0,41.0,31.0,10.0,13.0,43.0,17.0,7.0,188.0,38.0,43.0,55.0,54.0,239.0,59.0,34.0,69.0,28.0,23.0,38.0,301.0,61.0,26.0,21.0,31.0,6.0,2.0,184.0
2021-07-11,86.0,17.0,100.0,15.0,269.0,40.0,50.0,10.0,0.0,46.0,16.0,7.0,201.0,36.0,66.0,60.0,55.0,259.0,52.0,51.0,64.0,0.0,58.0,52.0,354.0,61.0,25.0,21.0,30.0,6.0,2.0,180.0
2021-07-18,79.0,23.0,85.0,48.0,292.0,37.0,47.0,9.0,35.0,55.0,16.0,9.0,244.0,34.0,55.0,58.0,57.0,241.0,43.0,50.0,64.0,67.0,48.0,32.0,330.0,53.0,27.0,26.0,26.0,6.0,5.0,174.0
2021-07-25,89.0,33.0,57.0,37.0,271.0,37.0,65.0,6.0,9.0,51.0,15.0,7.0,234.0,36.0,42.0,53.0,59.0,225.0,48.0,19.0,62.0,19.0,27.0,35.0,276.0,59.0,28.0,23.0,25.0,6.0,4.0,177.0
2021-08-01,84.0,80.0,59.0,39.0,317.0,33.0,76.0,10.0,13.0,46.0,16.0,9.0,288.0,33.0,42.0,52.0,57.0,220.0,47.0,39.0,57.0,24.0,51.0,38.0,289.0,57.0,27.0,28.0,26.0,7.0,3.0,184.0
2021-08-08,90.0,100.0,56.0,44.0,347.0,35.0,46.0,9.0,52.0,36.0,14.0,6.0,247.0,35.0,50.0,61.0,63.0,247.0,66.0,16.0,67.0,0.0,66.0,38.0,308.0,57.0,28.0,32.0,26.0,8.0,4.0,192.0
2021-08-15,81.0,53.0,47.0,40.0,277.0,36.0,55.0,9.0,16.0,46.0,16.0,7.0,216.0,40.0,51.0,59.0,59.0,248.0,52.0,31.0,64.0,30.0,50.0,46.0,316.0,58.0,30.0,36.0,29.0,7.0,3.0,213.0
2021-08-22,84.0,39.0,45.0,36.0,260.0,34.0,27.0,7.0,18.0,46.0,14.0,8.0,176.0,39.0,44.0,61.0,56.0,239.0,40.0,35.0,55.0,37.0,45.0,18.0,230.0,53.0,30.0,39.0,26.0,9.0,4.0,202.0
2021-08-29,82.0,31.0,43.0,0.0,207.0,33.0,48.0,8.0,13.0,44.0,21.0,10.0,212.0,42.0,40.0,55.0,57.0,233.0,23.0,31.0,62.0,0.0,62.0,37.0,304.0,55.0,30.0,32.0,26.0,11.0,3.0,201.0
2021-09-05,91.0,29.0,42.0,47.0,260.0,31.0,41.0,10.0,0.0,33.0,18.0,7.0,175.0,50.0,47.0,52.0,54.0,242.0,54.0,33.0,75.0,16.0,60.0,51.0,307.0,49.0,29.0,34.0,25.0,10.0,2.0,185.0
2021-09-12,81.0,21.0,46.0,23.0,227.0,36.0,40.0,10.0,0.0,46.0,14.0,5.0,199.0,60.0,51.0,49.0,50.0,248.0,45.0,52.0,73.0,25.0,51.0,51.0,297.0,54.0,30.0,39.0,29.0,10.0,6.0,205.0
2021-09-19,82.0,20.0,39.0,43.0,244.0,34.0,30.0,11.0,35.0,52.0,16.0,5.0,202.0,88.0,47.0,49.0,53.0,277.0,58.0,44.0,77.0,51.0,71.0,46.0,395.0,62.0,28.0,45.0,28.0,13.0,5.0,220.0
2021-09-26,86.0,21.0,44.0,48.0,254.0,36.0,49.0,13.0,38.0,51.0,17.0,10.0,248.0,69.0,60.0,58.0,48.0,273.0,82.0,36.0,72.0,0.0,51.0,40.0,316.0,63.0,27.0,47.0,26.0,15.0,5.0,217.0
2021-10-03,91.0,16.0,54.0,11.0,237.0,35.0,44.0,11.0,25.0,56.0,15.0,8.0,226.0,59.0,61.0,53.0,51.0,261.0,63.0,47.0,72.0,0.0,73.0,42.0,359.0,57.0,28.0,48.0,31.0,16.0,4.0,214.0
2021-10-10,97.0,21.0,56.0,26.0,261.0,37.0,59.0,9.0,0.0,51.0,13.0,7.0,203.0,55.0,62.0,58.0,54.0,270.0,60.0,43.0,72.0,26.0,46.0,62.0,339.0,58.0,27.0,50.0,29.0,29.0,4.0,227.0
2021-10-17,93.0,20.0,59.0,32.0,278.0,34.0,39.0,12.0,23.0,63.0,12.0,8.0,235.0,54.0,60.0,51.0,47.0,253.0,65.0,58.0,85.0,29.0,52.0,57.0,385.0,61.0,27.0,46.0,28.0,35.0,5.0,234.0
2021-10-24,85.0,18.0,55.0,23.0,248.0,40.0,31.0,10.0,14.0,64.0,11.0,4.0,206.0,49.0,72.0,58.0,56.0,272.0,49.0,45.0,72.0,42.0,41.0,52.0,337.0,60.0,25.0,42.0,27.0,32.0,3.0,215.0
2021-10-31,87.0,19.0,45.0,26.0,253.0,38.0,59.0,8.0,28.0,52.0,11.0,6.0,247.0,53.0,71.0,58.0,53.0,277.0,63.0,52.0,82.0,43.0,46.0,38.0,386.0,64.0,29.0,48.0,27.0,41.0,5.0,239.0
2021-11-07,89.0,19.0,34.0,47.0,257.0,36.0,46.0,8.0,33.0,48.0,10.0,7.0,208.0,50.0,64.0,49.0,55.0,259.0,73.0,38.0,77.0,25.0,68.0,59.0,373.0,62.0,28.0,44.0,25.0,33.0,5.0,224.0
2021-11-14,87.0,18.0,34.0,44.0,252.0,35.0,47.0,9.0,0.0,50.0,10.0,7.0,180.0,50.0,63.0,51.0,59.0,263.0,90.0,45.0,72.0,0.0,45.0,45.0,297.0,60.0,26.0,43.0,27.0,27.0,8.0,217.0
2021-11-21,82.0,18.0,33.0,32.0,227.0,33.0,29.0,10.0,18.0,65.0,10.0,6.0,198.0,48.0,59.0,56.0,59.0,262.0,66.0,50.0,68.0,0.0,61.0,46.0,313.0,61.0,26.0,44.0,26.0,21.0,8.0,216.0
2021-11-28,77.0,17.0,36.0,30.0,225.0,32.0,34.0,9.0,13.0,72.0,11.0,7.0,206.0,48.0,58.0,55.0,46.0,250.0,61.0,43.0,71.0,0.0,29.0,61.0,308.0,63.0,30.0,44.0,27.0,21.0,9.0,229.0
2021-12-05,90.0,20.0,36.0,39.0,257.0,31.0,47.0,11.0,20.0,64.0,11.0,6.0,224.0,48.0,59.0,58.0,54.0,269.0,56.0,43.0,74.0,22.0,66.0,43.0,404.0,67.0,31.0,46.0,26.0,18.0,9.0,235.0
2021-12-12,86.0,18.0,36.0,23.0,226.0,28.0,53.0,10.0,21.0,62.0,12.0,7.0,223.0,40.0,63.0,54.0,53.0,301.0,64.0,53.0,71.0,0.0,69.0,55.0,349.0,64.0,39.0,46.0,29.0,20.0,8.0,283.0
2021-12-19,70.0,18.0,31.0,27.0,191.0,24.0,37.0,8.0,33.0,60.0,14.0,6.0,213.0,29.0,41.0,62.0,46.0,278.0,39.0,40.0,37.0,0.0,37.0,32.0,202.0,71.0,55.0,57.0,42.0,24.0,12.0,361.0
2021-12-26,72.0,21.0,31.0,17.0,193.0,27.0,33.0,9.0,25.0,42.0,12.0,6.0,179.0,31.0,38.0,72.0,56.0,280.0,22.0,25.0,39.0,26.0,46.0,34.0,223.0,76.0,58.0,68.0,60.0,31.0,8.0,383.0
2022-01-02,79.0,21.0,37.0,30.0,226.0,43.0,61.0,14.0,29.0,57.0,19.0,11.0,273.0,56.0,52.0,65.0,52.0,287.0,69.0,39.0,69.0,25.0,59.0,56.0,370.0,98.0,53.0,70.0,56.0,30.0,7.0,388.0
2022-01-09,87.0,20.0,43.0,33.0,252.0,47.0,87.0,12.0,16.0,54.0,15.0,8.0,315.0,68.0,59.0,63.0,58.0,300.0,61.0,35.0,80.0,0.0,81.0,67.0,388.0,95.0,42.0,59.0,42.0,19.0,6.0,311.0
2022-01-16,80.0,20.0,42.0,65.0,269.0,50.0,63.0,12.0,19.0,55.0,13.0,7.0,249.0,54.0,61.0,55.0,57.0,267.0,59.0,46.0,67.0,33.0,48.0,53.0,350.0,65.0,33.0,48.0,33.0,12.0,4.0,241.0
2022-01-23,94.0,19.0,43.0,27.0,257.0,49.0,62.0,14.0,0.0,60.0,12.0,9.0,251.0,57.0,59.0,58.0,54.0,266.0,69.0,60.0,77.0,0.0,52.0,80.0,376.0,59.0,31.0,38.0,34.0,11.0,2.0,202.0
2022-01-30,84.0,20.0,37.0,42.0,247.0,47.0,69.0,11.0,0.0,67.0,12.0,8.0,249.0,57.0,55.0,58.0,59.0,266.0,84.0,62.0,68.0,35.0,63.0,63.0,441.0,57.0,29.0,34.0,34.0,9.0,2.0,189.0
2022-02-06,90.0,19.0,39.0,38.0,256.0,47.0,68.0,10.0,12.0,62.0,12.0,7.0,251.0,56.0,59.0,58.0,57.0,271.0,66.0,43.0,97.0,0.0,33.0,60.0,370.0,56.0,28.0,27.0,28.0,10.0,1.0,171.0
2022-02-13,84.0,19.0,35.0,28.0,234.0,45.0,80.0,12.0,59.0,55.0,10.0,7.0,288.0,55.0,64.0,58.0,52.0,263.0,64.0,55.0,85.0,47.0,48.0,51.0,372.0,51.0,27.0,26.0,25.0,7.0,1.0,157.0
2022-02-20,81.0,17.0,40.0,42.0,245.0,45.0,84.0,11.0,18.0,64.0,10.0,7.0,273.0,56.0,62.0,65.0,50.0,270.0,57.0,51.0,83.0,21.0,62.0,56.0,373.0,48.0,25.0,29.0,24.0,8.0,1.0,151.0
2022-02-27,94.0,18.0,40.0,33.0,257.0,58.0,89.0,12.0,48.0,52.0,12.0,7.0,314.0,57.0,70.0,61.0,58.0,279.0,81.0,67.0,85.0,0.0,63.0,70.0,415.0,55.0,28.0,26.0,25.0,8.0,2.0,161.0
2022-03-06,90.0,18.0,43.0,48.0,273.0,49.0,60.0,11.0,18.0,59.0,12.0,7.0,245.0,57.0,78.0,60.0,57.0,286.0,71.0,48.0,86.0,0.0,59.0,52.0,381.0,52.0,28.0,27.0,26.0,9.0,2.0,160.0
2022-03-13,96.0,18.0,36.0,35.0,253.0,45.0,93.0,9.0,30.0,48.0,10.0,7.0,281.0,51.0,69.0,59.0,52.0,264.0,77.0,59.0,81.0,27.0,60.0,61.0,427.0,61.0,26.0,30.0,29.0,9.0,2.0,174.0
2022-03-20,100.0,18.0,39.0,38.0,270.0,48.0,68.0,11.0,23.0,56.0,10.0,8.0,252.0,57.0,75.0,62.0,59.0,286.0,90.0,52.0,82.0,17.0,61.0,61.0,405.0,62.0,29.0,38.0,30.0,11.0,1.0,187.0
2022-03-27,94.0,19.0,40.0,33.0,263.0,48.0,81.0,11.0,24.0,60.0,9.0,7.0,270.0,66.0,78.0,64.0,51.0,292.0,100.0,51.0,79.0,11.0,59.0,72.0,438.0,69.0,33.0,39.0,34.0,13.0,1.0,207.0
2022-04-03,87.0,18.0,43.0,33.0,263.0,47.0,75.0,12.0,22.0,67.0,8.0,6.0,272.0,69.0,73.0,61.0,52.0,291.0,93.0,57.0,79.0,18.0,56.0,68.0,459.0,71.0,36.0,49.0,40.0,14.0,1.0,232.0
2022-04-10,89.0,18.0,43.0,54.0,282.0,58.0,68.0,10.0,23.0,59.0,9.0,6.0,254.0,60.0,69.0,62.0,53.0,282.0,87.0,45.0,82.0,0.0,73.0,52.0,380.0,73.0,32.0,54.0,39.0,13.0,2.0,233.0
2022-04-17,88.0,18.0,42.0,34.0,249.0,51.0,65.0,13.0,27.0,68.0,9.0,7.0,264.0,62.0,72.0,61.0,60.0,291.0,50.0,40.0,74.0,0.0,87.0,66.0,362.0,66.0,30.0,53.0,37.0,12.0,2.0,216.0
2022-04-24,77.0,18.0,41.0,58.0,261.0,51.0,80.0,9.0,39.0,73.0,9.0,7.0,283.0,64.0,75.0,55.0,56.0,283.0,56.0,36.0,80.0,0.0,62.0,63.0,327.0,67.0,30.0,51.0,34.0,12.0,2.0,209.0
2022-05-01,87.0,22.0,40.0,42.0,259.0,48.0,55.0,9.0,17.0,46.0,9.0,7.0,227.0,60.0,74.0,58.0,61.0,287.0,58.0,42.0,75.0,0.0,56.0,64.0,360.0,64.0,25.0,48.0,34.0,11.0,1.0,195.0
2022-05-08,72.0,16.0,41.0,30.0,224.0,42.0,68.0,8.0,16.0,40.0,8.0,6.0,216.0,63.0,64.0,58.0,52.0,270.0,42.0,36.0,69.0,20.0,54.0,55.0,312.0,63.0,27.0,49.0,35.0,10.0,2.0,197.0
2022-05-15,77.0,17.0,44.0,42.0,240.0,39.0,62.0,10.0,26.0,46.0,9.0,6.0,217.0,62.0,71.0,59.0,50.0,275.0,49.0,37.0,71.0,19.0,60.0,52.0,313.0,65.0,27.0,51.0,29.0,8.0,2.0,191.0
2022-05-22,79.0,16.0,39.0,18.0,215.0,36.0,31.0,8.0,0.0,46.0,8.0,5.0,155.0,57.0,69.0,59.0,47.0,265.0,53.0,45.0,62.0,0.0,53.0,49.0,325.0,54.0,28.0,52.0,31.0,8.0,2.0,183.0
2022-05-29,78.0,16.0,42.0,41.0,236.0,52.0,51.0,8.0,24.0,50.0,8.0,5.0,234.0,64.0,75.0,58.0,54.0,284.0,62.0,20.0,78.0,0.0,62.0,58.0,300.0,54.0,27.0,46.0,30.0,7.0,2.0,173.0
2022-06-05,78.0,15.0,40.0,46.0,243.0,54.0,71.0,9.0,14.0,45.0,9.0,5.0,236.0,62.0,68.0,61.0,56.0,282.0,52.0,40.0,59.0,53.0,92.0,52.0,423.0,58.0,28.0,53.0,31.0,7.0,1.0,186.0
2022-06-12,79.0,19.0,43.0,35.0,242.0,58.0,53.0,10.0,29.0,42.0,8.0,5.0,225.0,62.0,75.0,60.0,51.0,281.0,73.0,44.0,71.0,0.0,82.0,59.0,356.0,56.0,27.0,51.0,33.0,6.0,3.0,184.0
2022-06-19,73.0,19.0,36.0,39.0,234.0,50.0,74.0,8.0,26.0,55.0,8.0,6.0,242.0,59.0,58.0,62.0,52.0,264.0,65.0,44.0,69.0,0.0,74.0,47.0,355.0,57.0,26.0,53.0,34.0,7.0,1.0,185.0
2022-06-26,71.0,16.0,35.0,32.0,204.0,39.0,38.0,8.0,27.0,45.0,10.0,6.0,202.0,53.0,55.0,70.0,43.0,255.0,52.0,30.0,58.0,0.0,41.0,36.0,266.0,57.0,27.0,57.0,36.0,7.0,2.0,194.0
2022-07-03,73.0,16.0,36.0,20.0,192.0,43.0,47.0,10.0,0.0,52.0,11.0,8.0,192.0,44.0,50.0,57.0,52.0,241.0,58.0,34.0,72.0,0.0,62.0,34.0,313.0,61.0,29.0,59.0,41.0,10.0,1.0,211.0
2022-07-10,78.0,17.0,33.0,42.0,227.0,73.0,93.0,9.0,9.0,49.0,11.0,9.0,282.0,44.0,51.0,61.0,54.0,248.0,75.0,36.0,68.0,19.0,85.0,40.0,370.0,55.0,28.0,55.0,37.0,6.0,2.0,195.0
2022-07-17,80.0,16.0,39.0,43.0,232.0,51.0,56.0,8.0,48.0,47.0,11.0,8.0,259.0,44.0,64.0,63.0,54.0,263.0,68.0,33.0,75.0,0.0,48.0,35.0,298.0,61.0,30.0,54.0,37.0,7.0,2.0,203.0
2022-07-24,80.0,13.0,38.0,50.0,239.0,51.0,54.0,8.0,26.0,48.0,11.0,8.0,236.0,43.0,51.0,63.0,56.0,251.0,77.0,44.0,66.0,0.0,38.0,61.0,324.0,59.0,30.0,46.0,35.0,6.0,1.0,187.0
2022-07-31,82.0,15.0,37.0,33.0,221.0,46.0,69.0,8.0,45.0,46.0,10.0,6.0,257.0,44.0,52.0,72.0,54.0,257.0,60.0,20.0,68.0,23.0,48.0,44.0,320.0,56.0,29.0,50.0,31.0,6.0,2.0,183.0
2022-08-07,80.0,15.0,33.0,23.0,209.0,42.0,79.0,8.0,15.0,36.0,9.0,7.0,217.0,44.0,51.0,60.0,52.0,241.0,62.0,16.0,63.0,0.0,63.0,54.0,277.0,60.0,29.0,43.0,31.0,5.0,2.0,178.0
2022-08-14,68.0,16.0,34.0,23.0,196.0,42.0,36.0,8.0,52.0,39.0,9.0,6.0,224.0,50.0,64.0,63.0,55.0,270.0,60.0,46.0,65.0,0.0,53.0,47.0,302.0,55.0,26.0,45.0,31.0,6.0,1.0,172.0
2022-08-21,79.0,15.0,31.0,26.0,192.0,40.0,78.0,7.0,32.0,49.0,9.0,8.0,262.0,51.0,54.0,58.0,61.0,258.0,48.0,37.0,62.0,0.0,52.0,35.0,255.0,54.0,25.0,43.0,31.0,9.0,1.0,170.0
2022-08-28,84.0,17.0,33.0,39.0,225.0,40.0,50.0,7.0,24.0,54.0,10.0,7.0,233.0,54.0,57.0,75.0,55.0,276.0,53.0,25.0,63.0,0.0,38.0,44.0,271.0,55.0,25.0,41.0,29.0,7.0,3.0,167.0
2022-09-04,77.0,19.0,34.0,34.0,215.0,53.0,60.0,8.0,47.0,41.0,8.0,6.0,255.0,54.0,52.0,62.0,56.0,258.0,49.0,35.0,77.0,38.0,58.0,60.0,335.0,56.0,26.0,40.0,30.0,8.0,3.0,169.0
2022-09-11,80.0,16.0,40.0,37.0,229.0,43.0,65.0,7.0,24.0,64.0,8.0,6.0,240.0,61.0,59.0,55.0,51.0,259.0,57.0,38.0,85.0,18.0,60.0,56.0,374.0,74.0,26.0,49.0,33.0,11.0,2.0,203.0
2022-09-18,81.0,15.0,41.0,38.0,237.0,42.0,52.0,9.0,24.0,63.0,8.0,6.0,226.0,65.0,55.0,57.0,65.0,276.0,49.0,42.0,95.0,0.0,53.0,58.0,324.0,66.0,26.0,59.0,34.0,13.0,2.0,208.0
2022-09-25,78.0,17.0,41.0,41.0,241.0,39.0,54.0,8.0,31.0,83.0,7.0,6.0,257.0,60.0,56.0,55.0,54.0,262.0,46.0,35.0,90.0,0.0,54.0,75.0,347.0,66.0,25.0,65.0,37.0,13.0,3.0,217.0
2022-10-02,75.0,15.0,44.0,59.0,253.0,38.0,53.0,11.0,55.0,64.0,7.0,6.0,254.0,65.0,63.0,56.0,65.0,285.0,63.0,51.0,79.0,0.0,31.0,60.0,322.0,67.0,27.0,72.0,37.0,19.0,3.0,233.0
2022-10-09,73.0,15.0,52.0,39.0,239.0,41.0,67.0,9.0,25.0,61.0,7.0,4.0,240.0,61.0,62.0,57.0,50.0,267.0,49.0,34.0,80.0,0.0,51.0,48.0,272.0,69.0,29.0,77.0,36.0,25.0,5.0,249.0
2022-10-16,79.0,17.0,48.0,50.0,261.0,44.0,50.0,9.0,52.0,58.0,7.0,5.0,257.0,69.0,63.0,55.0,45.0,274.0,59.0,47.0,85.0,39.0,47.0,54.0,357.0,70.0,28.0,78.0,43.0,38.0,10.0,275.0
2022-10-23,83.0,19.0,46.0,53.0,273.0,53.0,59.0,9.0,46.0,64.0,7.0,6.0,274.0,63.0,71.0,59.0,57.0,292.0,66.0,44.0,76.0,0.0,51.0,51.0,317.0,78.0,27.0,86.0,52.0,40.0,64.0,354.0
2022-10-30,83.0,18.0,40.0,69.0,282.0,43.0,61.0,10.0,35.0,61.0,8.0,5.0,262.0,100.0,68.0,58.0,55.0,325.0,87.0,45.0,91.0,20.0,61.0,57.0,400.0,83.0,28.0,99.0,61.0,55.0,60.0,393.0
2022-11-06,81.0,15.0,37.0,32.0,237.0,39.0,50.0,10.0,77.0,53.0,8.0,5.0,259.0,78.0,69.0,56.0,58.0,306.0,90.0,38.0,77.0,0.0,69.0,64.0,411.0,81.0,28.0,100.0,63.0,54.0,86.0,418.0
2022-11-13,76.0,20.0,38.0,52.0,252.0,35.0,41.0,9.0,42.0,57.0,8.0,5.0,228.0,65.0,66.0,59.0,55.0,287.0,83.0,44.0,73.0,13.0,59.0,59.0,369.0,83.0,28.0,95.0,59.0,56.0,100.0,426.0
2022-11-20,71.0,17.0,36.0,44.0,243.0,34.0,19.0,10.0,31.0,52.0,7.0,5.0,193.0,69.0,66.0,57.0,42.0,271.0,75.0,45.0,83.0,51.0,43.0,45.0,411.0,79.0,27.0,87.0,53.0,41.0,64.0,355.0
2022-11-27,87.0,18.0,37.0,56.0,272.0,34.0,58.0,10.0,63.0,62.0,8.0,6.0,275.0,60.0,73.0,58.0,51.0,277.0,81.0,43.0,80.0,24.0,43.0,72.0,389.0,83.0,28.0,86.0,52.0,34.0,46.0,333.0
2022-12-04,77.0,22.0,39.0,21.0,228.0,46.0,30.0,9.0,47.0,57.0,8.0,8.0,230.0,63.0,62.0,56.0,53.0,269.0,92.0,63.0,77.0,0.0,65.0,71.0,389.0,82.0,27.0,78.0,46.0,36.0,41.0,314.0
2022-12-11,79.0,36.0,41.0,55.0,290.0,37.0,36.0,10.0,54.0,62.0,9.0,8.0,244.0,58.0,63.0,61.0,48.0,264.0,69.0,49.0,65.0,0.0,49.0,57.0,346.0,77.0,27.0,75.0,43.0,33.0,33.0,293.0
2022-12-18,70.0,27.0,34.0,35.0,223.0,29.0,34.0,7.0,80.0,62.0,10.0,5.0,261.0,44.0,59.0,64.0,44.0,246.0,41.0,21.0,51.0,0.0,80.0,43.0,272.0,73.0,25.0,73.0,39.0,25.0,26.0,266.0
2022-12-25,64.0,20.0,36.0,30.0,198.0,28.0,42.0,7.0,46.0,40.0,8.0,3.0,190.0,31.0,46.0,78.0,49.0,239.0,40.0,24.0,40.0,0.0,39.0,37.0,180.0,59.0,23.0,65.0,38.0,19.0,18.0,227.0
2023-01-01,81.0,19.0,34.0,33.0,222.0,39.0,47.0,9.0,51.0,30.0,12.0,8.0,238.0,42.0,50.0,75.0,48.0,251.0,46.0,40.0,74.0,35.0,55.0,50.0,333.0,69.0,28.0,61.0,31.0,17.0,18.0,229.0
2023-01-08,92.0,20.0,42.0,60.0,285.0,43.0,75.0,10.0,40.0,48.0,12.0,7.0,264.0,66.0,72.0,61.0,54.0,285.0,55.0,42.0,94.0,0.0,61.0,58.0,332.0,68.0,27.0,51.0,27.0,14.0,11.0,202.0
2023-01-15,88.0,19.0,41.0,30.0,255.0,44.0,88.0,12.0,34.0,59.0,10.0,8.0,287.0,67.0,69.0,88.0,57.0,314.0,70.0,51.0,89.0,19.0,40.0,70.0,374.0,65.0,25.0,46.0,28.0,12.0,11.0,191.0
2023-01-22,89.0,18.0,39.0,36.0,258.0,53.0,98.0,12.0,46.0,62.0,9.0,6.0,328.0,69.0,65.0,71.0,54.0,289.0,70.0,60.0,83.0,32.0,71.0,53.0,421.0,69.0,27.0,43.0,29.0,12.0,7.0,191.0
2023-01-29,81.0,18.0,42.0,47.0,263.0,48.0,74.0,13.0,50.0,65.0,10.0,8.0,311.0,62.0,67.0,67.0,53.0,279.0,55.0,51.0,92.0,0.0,45.0,60.0,350.0,66.0,25.0,42.0,30.0,11.0,6.0,184.0
2023-02-05,79.0,17.0,41.0,25.0,227.0,42.0,55.0,12.0,21.0,66.0,10.0,6.0,248.0,62.0,62.0,61.0,51.0,267.0,66.0,67.0,89.0,26.0,47.0,54.0,429.0,67.0,26.0,43.0,30.0,12.0,7.0,188.0
2023-02-12,78.0,16.0,39.0,56.0,254.0,38.0,70.0,10.0,48.0,47.0,10.0,7.0,253.0,60.0,59.0,62.0,51.0,263.0,65.0,63.0,79.0,0.0,48.0,61.0,316.0,58.0,25.0,42.0,30.0,11.0,4.0,173.0
2023-02-19,82.0,19.0,37.0,40.0,239.0,42.0,85.0,8.0,35.0,52.0,10.0,6.0,262.0,62.0,71.0,70.0,53.0,288.0,46.0,45.0,75.0,13.0,59.0,56.0,340.0,68.0,26.0,46.0,31.0,12.0,5.0,191.0
2023-02-26,88.0,17.0,35.0,41.0,247.0,44.0,51.0,8.0,34.0,57.0,9.0,6.0,243.0,65.0,55.0,64.0,55.0,270.0,54.0,42.0,86.0,21.0,56.0,66.0,336.0,70.0,26.0,42.0,31.0,11.0,5.0,188.0
